radius, weight, alpha
0.5, 0.022084, 282.843
0.0118436, 0.022084, 282.843
0.5, 0.0261973, 282.843
0.0118478, 0.0261973, 282.843
0.5, 0.0246975, 282.843
0.0103564, 0.0246975, 282.843
0.5, 0.0235839, 282.843
0.00475464, 0.0235839, 282.843
0.5, 0.0288107, 282.843
0.00580921, 0.0288107, 282.843
0.5, 0.0288107, 282.843
0.0106644, 0.0288107, 282.843
0.5, 0.0205842, 282.843
0.00761787, 0.0205842, 282.843
